"","ss1","ss2","ss3","ss4","ss5","ss6","ss7","ss8","totalRock","response.cor","fwd.error1","fwd.error2","forecast","bn.score","arcStr","parentCount"
"1",2,33,36,210,260,634,825,848,57,2,0.0179883818409725,0.011436490022424,1.76074740780279,-6336.9872381982,-352.224705081942,3
"2",2,216,277,285,354,397,657,732,57,5,0.0593292198793154,0.0138424520011147,1.83405612877355,-6772.14595210488,-210.502578573684,3
"3",2,172,216,277,285,397,523,732,55,5,0.0152861552081824,0.0878309103959611,1.83397146998408,-6593.42958408805,-201.718578787183,3
"4",2,75,288,309,343,690,739,790,55,5,0.179398285159603,0.0938684062689865,1.91195506798136,-8335.11720232357,-316.612203055302,3
"5",2,39,57,301,530,584,678,768,52,2,0.0591276635583258,0.014435295928922,1.79920166489362,-7814.1257528003,-363.702109002398,1
"6",2,77,82,326,356,594,657,783,52,5,0.0627034944611016,0.0239320537678944,1.82653848697184,-8461.07574442795,-352.057366081746,3
"7",2,201,569,611,698,723,776,837,50,5,0.0591276635583258,0.014435295928922,1.79920166489362,-7077.26693983018,-363.702109002398,1
"8",2,147,286,320,357,389,514,638,49,3,0.0499753443727466,0.038109125977754,1.78925106172618,-9370.87698758869,-353.254894772519,2
"9",2,99,187,398,422,512,675,831,48,4,0.0628468616250839,0.015980995163192,1.82083262823434,-8977.31297679644,-367.938072626437,2
"10",2,148,220,383,563,713,716,741,48,5,0.069064206810006,0.00292881745352647,1.81733709725326,-7911.16813183053,-340.096501754482,2
"11",2,113,331,418,439,634,657,738,47,4,0.0227650261808963,0.0793702440218205,1.75855326912802,-8431.05426529412,-314.788297763716,3
"12",53,82,119,216,298,555,606,741,47,5,0.0285590308910546,0.095684937369974,1.61242547999305,-8155.38387192377,-161.962769195623,3
"13",2,92,146,173,239,402,568,820,47,5,0.0591276635583258,0.014435295928922,1.79920166489362,-7820.80221555208,-363.702109002398,1
"14",30,75,165,226,360,468,813,844,47,5,0.538706370532687,0.790608506547862,1.11839466108945,-6646.76215691045,-328.586291474027,3
"15",2,39,301,483,526,530,584,768,46,3,0.0242137472353499,0.0401890219424965,1.78716282830013,-8450.40199572503,-347.524862327571,2
"16",2,23,45,244,273,509,525,657,46,2,0.0304896684562688,0.0395241624479563,1.78627695800658,-7952.51933663054,-365.185782788891,2
"17",2,40,192,247,289,403,717,848,46,4,0.0689833198020426,0.0239221905757201,1.87410025664665,-6517.43427566952,-212.419549260537,3
"18",2,99,187,384,398,422,512,625,46,4,0.0999531966662661,0.00870465935504416,1.76399775943184,-8804.55859008282,-351.942611107913,3
"19",2,23,72,135,137,732,788,821,46,5,0.111593048605497,0.0832811841554635,1.8832426631654,-8574.70635125827,-341.477107006184,3
"20",2,192,438,454,633,716,805,834,45,2,0.0591276635583258,0.014435295928922,1.79920166489362,-9344.55345869228,-363.702109002398,1
"21",2,241,244,284,409,518,576,649,45,6,0.0591276635583258,0.014435295928922,1.79920166489362,-6724.8210302516,-363.702109002398,1
"22",2,103,147,286,357,389,478,638,44,3,0.0499753443727466,0.038109125977754,1.78925106172618,-9567.6160624778,-353.254894772519,2
"23",2,365,541,614,710,716,814,834,44,5,0.0614804910409772,0.0132779964084235,1.78769814912308,-9722.67550248468,-322.443734688111,2
"24",175,225,279,479,670,678,711,738,44,3,0.0617028671227295,0.22511795733516,1.41551225037163,-10457.0790915085,-39.4934998583208,3
"25",2,115,125,415,522,557,595,726,43,7,0.0121146960735843,0.0756190742524738,1.7218873044968,-9397.87706837954,-306.394407176975,3
"26",2,63,127,183,285,443,538,641,43,2,0.0163954935714532,0.052961298737312,1.7505656353037,-8661.36240877969,-322.41584994317,3
"27",2,23,52,172,244,273,509,525,43,3,0.0171171349605181,0.107917031438937,1.81885312004441,-7465.09444917236,-333.863265028842,3
"28",2,31,134,144,433,524,562,821,43,5,0.0382237820790459,0.0679170501726269,1.8824634170973,-7074.72675537528,-378.548033621561,3
"29",2,65,203,264,398,669,701,812,43,4,0.0591276635583258,0.014435295928922,1.79920166489362,-6877.43704211475,-363.702109002398,1
"30",2,72,454,498,690,716,718,772,43,4,0.082072243451293,0.0279034025641816,1.85500447319231,-8483.87997728762,-356.618365778743,2
"31",2,76,138,144,166,175,273,497,42,6,0.033670378834241,0.07842278795123,1.8629565295716,-8998.40171434253,-374.385423254541,2
"32",2,252,282,478,499,683,684,725,42,2,0.0591276635583258,0.014435295928922,1.79920166489362,-7544.43060675539,-363.702109002398,1
"33",2,184,259,262,419,541,623,775,42,3,0.0591276635583258,0.014435295928922,1.79920166489362,-8899.66022995788,-363.702109002398,1
"34",2,41,306,566,633,732,751,831,42,5,0.0591276635583258,0.014435295928922,1.79920166489362,-8149.83770302465,-363.702109002398,1
"35",2,107,282,631,637,641,814,815,42,4,0.0625936827827296,0.00735969963718053,1.78533925151921,-9403.43573667896,-356.173439509515,2
"36",2,178,215,281,384,486,698,793,42,5,0.074838849400376,0.0303476840690151,1.84111329530267,-6188.58923759763,-353.288228065096,3
"37",2,131,248,250,479,499,570,695,42,3,0.0830667582905806,0.034815759966119,1.86336810023692,-8749.57871368568,-371.68140999809,2
"38",2,54,189,291,441,572,704,714,41,6,0.00432643275211086,0.0675945624831811,1.71726098054414,-9462.99731193793,-234.194752554115,3
"39",2,30,120,211,251,437,510,656,41,2,0.0465920320520425,0.037332475848135,1.76116718012363,-7284.71693144742,-357.307417458643,2
"40",2,103,147,157,320,357,389,638,41,3,0.0499753443727466,0.038109125977754,1.78925106172618,-7969.21123608761,-353.254894772519,2
"41",2,55,85,340,435,457,638,704,41,3,0.0591276635583258,0.014435295928922,1.79920166489362,-8245.32411460978,-363.702109002398,1
"42",2,198,201,436,483,638,665,733,41,4,0.0591276635583258,0.014435295928922,1.79920166489362,-6987.77969023745,-363.702109002398,1
"43",1,2,322,413,623,641,713,741,41,4,0.0625936827827296,0.00735969963718053,1.78533925151921,-7008.50107027227,-356.173439509515,2
"44",2,241,244,284,576,649,716,722,41,5,0.0648941676809511,0.0215187901051097,1.82578787491073,-6622.73705026642,-315.618887961408,2
"45",2,38,192,438,454,561,805,834,41,2,0.0875621548474328,0.0268663944087872,1.83788295774947,-9685.18412735327,-357.412516014438,2
"46",2,485,584,656,687,688,771,838,41,2,0.0967106748297588,0.0239848135612175,1.83700913813142,-10050.4361273138,-370.640903222187,2
"47",2,6,238,292,393,699,748,837,41,4,0.100166100989435,0.0413808985081467,1.85818796404301,-6002.76981191553,-355.458702587086,2
"48",2,40,192,247,403,601,717,737,41,3,0.153986606874359,0.115525223783304,1.94145197636985,-7214.1510294769,-367.543815044618,3
"49",2,62,216,285,372,438,775,819,40,5,0.0488336789419557,0.0203013603713327,1.80109482705767,-8953.19581138284,-210.041101296129,3
"50",2,92,223,352,453,464,804,819,40,4,0.0497235609883455,0.0216671735289857,1.78131317236309,-8779.19153239585,-343.699477553736,2
"51",2,184,244,252,293,765,819,841,40,2,0.0591276635583258,0.014435295928922,1.79920166489362,-7104.4229076211,-363.702109002398,1
"52",2,40,371,437,505,549,826,850,40,3,0.0622010909267248,0.0129163577126479,1.76195255840671,-7018.20891137978,-325.86182147143,3
"53",95,179,324,339,385,407,813,843,40,6,0.244838693266527,0.375015796731668,1.40898256503903,-8936.77337907242,-124.865192884672,3
"54",2,39,44,77,89,342,476,608,39,3,0.039877950165953,0.0328790535498922,1.80558474463012,-8117.51548124831,-326.025499008353,3
"55",2,26,40,437,505,549,593,826,39,2,0.0622010909267248,0.0129163577126479,1.76195255840671,-7312.58143156164,-325.86182147143,3
"56",53,82,119,298,555,606,632,666,39,5,0.0959017832330435,0.0895225616282616,1.74501456052853,-8024.69707962172,-155.734103694602,3
"57",2,51,95,179,339,407,813,843,39,6,0.116951762684708,0.033698625768745,1.86229715418352,-8138.90401326929,-335.848549893938,3
"58",2,181,221,261,349,632,731,770,38,5,0.0119919305814422,0.0460251700248842,1.78851681060387,-8463.3723496254,-360.011512521485,2
"59",2,94,231,299,459,461,585,829,38,4,0.0264227253460467,0.0563871530820637,1.77732627865571,-7711.90682254297,-298.132655052407,3
"60",2,139,204,271,550,766,784,819,38,3,0.0380167160508933,0.0371228698538397,1.78084556419218,-8352.75204998143,-360.806741247078,2
"61",2,72,296,339,615,724,758,855,38,5,0.0581713246667896,0.0353503028879782,1.78993310384065,-8488.13109301584,-337.045609888307,3
"62",2,3,97,248,342,564,659,794,38,2,0.0591276635583258,0.014435295928922,1.79920166489362,-9886.92736412969,-363.702109002398,1
"63",2,84,236,439,462,568,790,833,38,5,0.0591276635583258,0.014435295928922,1.79920166489362,-8762.74598618379,-363.702109002398,1
"64",2,188,281,344,434,561,683,723,38,4,0.0597724849529204,0.0266828636552205,1.79211178976744,-9195.39696710206,-348.542884764293,2
"65",65,216,363,523,732,752,821,845,38,5,0.0742484733774369,0.0608318971667707,1.64267073464113,-6881.1728886034,-190.886553627098,3
"66",2,6,54,292,346,699,748,837,38,4,0.100166100989435,0.0413808985081467,1.85818796404301,-7153.61664941128,-355.458702587086,2
"67",97,118,255,390,437,509,526,719,37,2,0.0109819877069086,0.157866187132828,1.66357853644831,-11453.2700654674,-46.6988128825216,3
"68",2,71,164,278,296,320,445,574,37,2,0.0174888742875359,0.0716406274086367,1.75109433413757,-7155.99086992818,-340.589742979677,2
"69",2,80,144,271,360,416,807,823,37,4,0.0195394458403919,0.0894996280491269,1.86252230279149,-7268.21214612882,-334.757255951106,3
"70",2,49,72,123,149,249,416,771,37,5,0.0225897919341134,0.0879797094177206,1.75336489868655,-7855.12458809539,-365.81814656228,2
"71",2,175,322,392,394,491,611,701,37,3,0.0372018325131915,0.0214658790034341,1.80998953494917,-5631.96146698495,-320.330410406785,2
"72",2,39,77,89,152,271,342,608,37,3,0.039877950165953,0.0328790535498922,1.80558474463012,-7681.69079441339,-326.025499008353,3
"73",2,86,341,392,399,428,491,693,37,2,0.0591276635583258,0.014435295928922,1.79920166489362,-9297.48529928399,-363.702109002398,1
"74",2,76,294,345,431,676,809,833,37,3,0.145187467217883,0.0802924209711584,1.94298848401607,-9525.08627043126,-275.155731502628,3
"75",2,42,125,252,261,322,426,797,36,3,0.000297699982094501,0.0522886131087688,1.76989051286202,-8756.26106885926,-365.595078380862,2
"76",2,45,142,354,530,543,655,821,36,4,0.0117341470335393,0.0748407574764163,1.7685436952662,-9973.79462456685,-358.961066370865,3
"77",2,49,68,317,396,421,691,830,36,3,0.0225897919341134,0.0879797094177206,1.75336489868655,-9324.17041415103,-365.81814656228,2
"78",1,2,55,438,593,675,831,833,36,4,0.0283236983010129,0.0518367127035382,1.7594209030973,-6613.73168374545,-348.930394982997,2
"79",10,54,119,216,543,590,645,716,36,4,0.0295318651150793,0.0927739844757354,1.51913001076848,-12497.4081979902,-306.095818045336,3
"80",2,118,355,473,523,527,647,756,36,3,0.0452518408478877,0.025247017281657,1.83085454236997,-8467.95694033316,-365.536573011322,3
"81",2,120,211,251,437,453,510,656,36,2,0.0465920320520425,0.037332475848135,1.76116718012363,-7506.50517866058,-357.307417458643,2
"82",2,222,296,339,469,615,758,855,36,5,0.0581713246667896,0.0353503028879782,1.78993310384065,-8290.38287442075,-337.045609888307,3
"83",2,259,262,357,419,428,623,775,36,2,0.0591276635583258,0.014435295928922,1.79920166489362,-9340.26024102114,-363.702109002398,1
"84",2,41,191,306,408,566,633,831,36,4,0.0591276635583258,0.014435295928922,1.79920166489362,-6845.03740012762,-363.702109002398,1
"85",2,218,266,400,501,627,673,683,36,3,0.0591276635583258,0.014435295928922,1.79920166489362,-6137.043221204,-363.702109002398,1
"86",2,269,270,327,527,540,625,854,36,4,0.0602574763040808,0.03797648700377,1.77855228934708,-8767.2263902694,-311.685194927672,2
"87",2,137,317,338,483,698,728,730,36,2,0.0750182610095,0.0470317458761693,1.8374902802034,-8113.16781998092,-311.366304000488,3
"88",2,172,302,500,728,787,790,802,35,4,0.00715510504236416,0.12543306389822,1.80244609905905,-11534.152756316,-334.002448172709,2
"89",2,8,71,103,365,508,643,756,35,6,0.0224539030324329,0.0459581250763348,1.79436033312155,-7114.01105193078,-273.664130782707,3
"90",2,131,226,384,431,547,551,561,35,3,0.0229601209421531,0.0220763297461077,1.79644142078218,-10508.5841525192,-349.678500876592,3
"91",2,40,399,437,505,593,826,850,35,2,0.0283236983010129,0.0518367127035382,1.7594209030973,-7694.88317566335,-348.930394982997,2
"92",2,69,128,376,426,466,657,823,35,2,0.0297485309387038,0.0414121602136859,1.79272140588532,-10207.7920902076,-356.547728008922,2
"93",2,142,153,328,610,691,727,829,35,4,0.0479162965711011,0.0403890419066313,1.78622462018898,-9070.02613929076,-354.540353809724,2
"94",2,111,260,367,413,436,604,754,35,4,0.0591276635583258,0.014435295928922,1.79920166489362,-9097.8715601637,-363.702109002398,1
"95",2,7,158,286,300,330,599,851,35,4,0.0591276635583258,0.014435295928922,1.79920166489362,-9811.3649841982,-363.702109002398,1
"96",2,131,226,327,384,547,551,561,35,4,0.0642161608083038,0.0305786098282661,1.78310313338596,-8277.40216500469,-305.778106834879,3
"97",2,182,310,354,452,537,563,633,35,5,0.0682116940284383,0.01887621222883,1.79994485725177,-7416.16031926691,-311.038609635779,2
"98",2,4,144,223,575,595,758,831,35,4,0.0848442351008747,0.200191428296789,1.76013169784442,-9130.37643427558,-333.359331019154,3
"99",2,35,120,416,506,647,689,777,35,4,0.103457341238064,0.0286619053449513,1.85836470017231,-7537.92338234166,-362.526366602649,2
"100",34,53,115,330,622,651,826,850,35,2,0.162682391806848,0.11138493122185,1.83801294238863,-10544.9752211479,-103.421830343788,3
"101",2,181,221,261,349,407,731,739,34,4,0.0119919305814422,0.0460251700248842,1.78851681060387,-8723.53726295017,-360.011512521485,2
"102",2,71,88,188,229,330,445,649,34,4,0.0174888742875359,0.0716406274086367,1.75109433413757,-9269.95053772357,-340.589742979677,2
"103",2,128,164,222,407,731,772,828,34,4,0.0297485309387038,0.0414121602136859,1.79272140588532,-8243.05694425474,-356.547728008922,2
"104",2,189,207,291,441,572,714,818,34,5,0.0300218731413684,0.0311846886525196,1.76109285245317,-11264.1844132268,-289.154668651644,3
"105",2,4,281,316,434,627,675,809,34,4,0.0524167478606947,0.0166723470003707,1.78711581786784,-6616.71262577226,-366.190628195531,2
"106",2,75,81,150,191,276,759,780,34,3,0.0546446097701183,0.0158840477014937,1.78878030517316,-7914.77054881812,-366.001720095994,2
"107",2,32,87,218,334,434,509,601,34,4,0.0591276635583258,0.014435295928922,1.79920166489362,-6457.50019366855,-363.702109002398,1
"108",2,241,254,293,325,566,726,749,34,3,0.0591276635583258,0.014435295928922,1.79920166489362,-8105.53808169459,-363.702109002398,1
"109",2,204,231,238,315,409,439,633,34,4,0.0591276635583258,0.014435295928922,1.79920166489362,-7011.06235815136,-363.702109002398,1
"110",2,176,503,535,628,675,767,771,34,4,0.0596641796349695,0.0189585448093132,1.89461973751109,-9517.40801901119,-307.964079268807,3
"111",2,209,265,374,440,485,690,825,34,4,0.0601742569763923,0.0105341832977448,1.81056087778156,-10038.7646013214,-339.294641051104,3
"112",2,180,204,429,510,566,646,798,34,4,0.101355184072845,0.0252330221575747,1.8189161770483,-5104.45062401629,-366.810740914679,2
"113",2,99,140,492,504,514,796,839,34,2,0.103347147754064,0.0606945785102568,1.8969921441001,-8766.64334040057,-336.023911151381,3
"114",97,255,390,437,509,526,612,719,34,2,0.116095897271298,0.37250334480535,2.2434710164719,-11777.6438758965,-97.2495090553615,3
"115",2,285,302,379,384,523,549,795,34,4,0.15438140340719,0.0944334490575307,1.917711859114,-7304.06055461927,-367.798685271691,3
"116",2,97,255,390,437,509,526,784,33,2,0.0242137472353499,0.0401890219424965,1.78716282830013,-11010.2301591802,-347.524862327571,2
"117",10,119,216,238,543,561,590,645,33,3,0.0295318651150793,0.0927739844757354,1.51913001076848,-12463.2320624037,-306.095818045336,3
"118",10,54,119,133,216,543,590,645,33,4,0.0295318651150793,0.0927739844757354,1.51913001076848,-12807.0203485844,-306.095818045336,3
"119",2,15,99,521,528,549,646,658,33,2,0.0456405443307655,0.0235137295336467,1.79285953951286,-7281.83245121795,-365.228851118746,2
"120",2,24,142,153,328,610,691,727,33,3,0.0479162965711011,0.0403890419066313,1.78622462018898,-7939.24174764194,-354.540353809724,2
"121",1,2,134,251,324,572,812,842,33,4,0.0513936409118021,0.00689447506547891,1.82859553179537,-7097.97942595529,-346.222417841845,2
"122",2,107,274,396,422,675,733,856,33,2,0.0628468616250839,0.015980995163192,1.82083262823434,-8461.93080256274,-367.938072626437,2
"123",2,180,205,400,431,486,782,785,33,3,0.101355184072845,0.0252330221575747,1.8189161770483,-9631.75556127573,-366.810740914679,2
"124",2,71,93,103,213,283,620,804,32,2,0.0174888742875359,0.0716406274086367,1.75109433413757,-9487.4459026907,-340.589742979677,2
"125",2,49,68,69,354,396,421,691,32,3,0.0225897919341134,0.0879797094177206,1.75336489868655,-9354.38763787643,-365.81814656228,2
"126",2,51,70,344,388,545,705,709,32,3,0.0227615515539572,0.0925275462083772,1.72992817589232,-10021.7615555714,-367.095421085287,2
"127",2,10,126,164,303,320,395,650,32,4,0.0371146100752862,0.0397884851283838,1.82529466588341,-8520.83038256326,-282.770854170153,3
"128",2,27,125,255,331,440,658,739,32,4,0.0425595185819228,0.0907714704514471,1.72247129958957,-6886.50439495657,-316.735989540965,3
"129",2,217,286,330,340,540,585,685,32,4,0.0591276635583258,0.014435295928922,1.79920166489362,-13410.486994167,-363.702109002398,1
"130",2,3,69,97,248,564,659,794,32,2,0.0591276635583258,0.014435295928922,1.79920166489362,-10131.3131401488,-363.702109002398,1
"131",2,27,255,331,403,440,658,739,32,4,0.0591276635583258,0.014435295928922,1.79920166489362,-7164.23462657964,-363.702109002398,1
"132",2,41,264,416,604,697,698,839,32,3,0.0591276635583258,0.014435295928922,1.79920166489362,-8588.98154316837,-363.702109002398,1
"133",2,198,201,483,638,658,665,733,32,3,0.0591276635583258,0.014435295928922,1.79920166489362,-7253.4334100663,-363.702109002398,1
"134",2,107,209,225,397,511,545,638,32,3,0.061127018544509,0.00951571138499463,1.81032948778905,-8988.36336520901,-344.083219815058,2
"135",2,307,425,486,523,629,725,745,32,3,0.0796534608244954,0.0131611964997913,1.84030013034052,-5563.33981628217,-368.801875067429,3
"136",2,350,426,556,737,751,770,784,32,4,0.108681369762622,0.0702505700778484,1.89277326075746,-8261.35323488652,-373.715570917905,2
"137",65,147,549,610,627,665,711,845,32,4,0.53010271775497,0.690825514835148,1.04558469145142,-7037.16065505147,-271.281138387051,3
"138",2,30,149,227,237,280,285,355,31,3,0.0110656631109689,0.0617788678841633,1.76258446806808,-8493.12841954204,-327.069406361023,2
"139",2,99,124,191,308,492,654,677,31,3,0.017827392950408,0.0907734015479207,1.73842107798163,-7727.07459290749,-322.630789243618,2
"140",2,46,107,266,416,547,680,747,31,2,0.0365108244910832,0.0265012532895299,1.83429624828679,-8432.69293566927,-373.295096488289,2
"141",2,124,132,202,240,325,567,668,31,3,0.0410963182794888,0.0175568369612003,1.78700685453238,-7686.43554183889,-345.770755505281,2
"142",2,354,371,381,434,596,602,629,31,5,0.055028343920803,0.0341895700960786,1.79205908182863,-10707.5988104718,-256.262495380624,3
"143",2,5,181,221,261,349,407,770,31,4,0.0591276635583258,0.014435295928922,1.79920166489362,-7951.15098316558,-363.702109002398,1
"144",2,6,282,283,457,461,711,719,31,3,0.0591276635583258,0.014435295928922,1.79920166489362,-7799.01272416079,-363.702109002398,1
"145",2,146,284,330,349,393,589,699,31,4,0.0591276635583258,0.014435295928922,1.79920166489362,-9208.77715375387,-363.702109002398,1
"146",2,21,23,72,135,137,191,821,31,4,0.0596647327241637,0.0537450786333,1.86475220628338,-8289.1353811981,-383.078332697079,2
"147",2,157,188,336,344,434,561,723,31,5,0.0597724849529204,0.0266828636552205,1.79211178976744,-8558.65834407473,-348.542884764293,2
"148",2,22,47,56,249,343,670,691,31,2,0.0656362678964129,0.0654014170344173,1.85036810485399,-8363.73992132963,-319.614921669318,3
"149",2,4,144,207,281,316,627,809,31,4,0.0848442351008747,0.200191428296789,1.76013169784442,-7599.61739458583,-333.359331019154,3
"150",2,107,396,412,422,625,733,856,31,2,0.0951162920792075,0.00804122136562313,1.79357813401797,-9199.8217160168,-371.559430199292,3
"151",2,13,70,139,226,265,280,522,30,4,0.0106092674900862,0.0616737475761713,1.77007530712611,-9196.18914434287,-362.094468972519,3
"152",2,4,40,134,381,590,593,649,30,4,0.0234009753283448,0.0415820537901157,1.79081814187987,-6712.56454289274,-330.842864862658,3
"153",2,80,125,288,293,326,529,537,30,4,0.0286690830111231,0.0896962464233215,1.72737241934487,-9386.30384283158,-370.935632252522,3
"154",2,255,280,363,415,548,691,747,30,2,0.0365108244910832,0.0265012532895299,1.83429624828679,-8364.84397826637,-373.295096488289,2
"155",2,5,88,92,191,483,533,556,30,4,0.0460716208721512,0.0146209156939241,1.8029510403254,-7164.81351074695,-371.191735732238,2
"156",2,26,216,469,739,787,803,812,30,4,0.0511824407157708,0.00985131631210456,1.83381359428759,-8817.69597139155,-220.188073891336,2
"157",2,65,235,283,463,525,615,774,30,4,0.0591276635583258,0.014435295928922,1.79920166489362,-9537.21145792552,-363.702109002398,1
"158",2,88,188,229,330,445,454,650,30,3,0.0591276635583258,0.014435295928922,1.79920166489362,-9386.96158053585,-363.702109002398,1
"159",2,222,296,501,615,724,758,855,30,4,0.0687240212656466,0.0193252460294335,1.78768443630419,-7731.50077845511,-349.896518536719,3
"160",2,110,145,178,305,314,515,624,30,3,0.0948514796245856,0.0218832321990439,1.83504627313929,-8971.67393427727,-378.552073307983,2
"161",6,23,41,114,132,135,137,413,30,4,0.517200082992984,0.48893775860059,1.23215266274956,-8561.26369384223,-163.911938791993,3
"162",2,41,91,141,305,467,529,759,29,2,0.0299312029907328,0.0451168298020528,1.7424766097842,-6382.29748572247,-331.641300564206,3
"163",2,156,313,329,368,382,534,747,29,2,0.0365108244910832,0.0265012532895299,1.83429624828679,-9393.71714208092,-373.295096488289,2
"164",2,47,115,117,230,237,348,666,29,3,0.0368517133720307,0.039549131424149,1.73789463666391,-7652.50669432301,-296.536394985128,3
"165",2,3,124,132,240,325,567,668,29,2,0.0410963182794888,0.0175568369612003,1.78700685453238,-10810.2615681377,-345.770755505281,2
"166",2,107,202,276,365,366,578,846,29,4,0.0572717690203477,0.0146596667705012,1.77883688046921,-8612.3395167524,-324.315588728205,3
"167",2,159,231,301,315,409,439,633,29,4,0.0591276635583258,0.014435295928922,1.79920166489362,-9385.84446357589,-363.702109002398,1
"168",2,38,41,191,306,566,751,831,29,4,0.0591276635583258,0.014435295928922,1.79920166489362,-7357.88211726922,-363.702109002398,1
"169",2,198,271,407,423,435,543,605,29,5,0.0592266382726283,0.0112072732171182,1.79955170800715,-9377.24464143066,-313.99550012906,2
"170",2,21,23,135,137,732,821,850,29,4,0.0596647327241637,0.0537450786333,1.86475220628338,-8851.70499572487,-383.078332697079,2
"171",2,75,234,273,301,431,565,567,29,4,0.065493496574351,0.00546723560583096,1.81976253996942,-11992.5250313243,-364.111025264074,2
"172",2,277,278,377,525,572,696,794,29,4,0.0705542108403365,0.0476212728924092,1.79201094286866,-9357.42004919879,-274.361810091357,3
"173",2,220,248,319,483,660,820,842,29,4,0.0905053642463203,0.0135366062353921,1.80022345610531,-7557.49680684859,-374.306208328781,2
"174",2,47,56,149,249,343,670,813,29,3,0.0927984999560507,0.0018272669434003,1.81204844017065,-7510.57087020535,-312.296625693368,2
"175",2,95,103,193,244,592,796,819,29,3,0.137878714918241,0.09014482572518,1.90692502649314,-6453.39905850412,-320.229090270322,3
"176",65,147,346,609,610,665,711,845,29,3,0.53010271775497,0.690825514835148,1.04558469145142,-7770.07442878527,-271.281138387051,3
"177",2,45,82,191,312,357,367,807,28,2,0.0153580841788064,0.06269187725615,1.76794504195599,-7439.10555837358,-359.402581155626,3
"178",2,45,312,357,382,561,606,815,28,2,0.0153580841788064,0.06269187725615,1.76794504195599,-10966.1510854451,-359.402581155626,3
"179",2,68,71,142,202,456,638,679,28,3,0.0163417328197577,0.084061655840965,1.74733100062627,-8114.46504831014,-334.207319493587,3
"180",2,51,301,388,545,670,705,709,28,2,0.0227615515539572,0.0925275462083772,1.72992817589232,-10143.9347136829,-367.095421085287,2
"181",2,50,188,315,582,584,719,737,28,3,0.0468726965391242,0.00890816744436029,1.85733413471334,-8614.03857267838,-366.446534824141,3
"182",2,270,281,411,478,619,752,817,28,2,0.0524167478606947,0.0166723470003707,1.78711581786784,-8234.70952757656,-366.190628195531,2
"183",2,212,226,537,638,743,750,837,28,4,0.0586957226619658,0.00815623999072246,1.79723543404972,-9212.33879353891,-349.398883980255,2
"184",2,26,469,666,770,787,803,812,28,3,0.0591276635583258,0.014435295928922,1.79920166489362,-9212.00398326635,-363.702109002398,1
"185",2,8,103,231,365,454,508,756,28,5,0.11354724925612,0.0192819938520434,1.84415158208466,-7761.21750856061,-294.799116329457,3
"186",270,281,374,391,411,478,752,817,28,2,0.570003194148132,0.748627136830077,2.46600084055011,-11090.8536720843,-65.6240767268877,3
"187",2,114,160,188,208,538,702,736,27,4,0.00610609032248277,0.0336497002866223,1.75258427845617,-11620.8525043238,-283.357546012922,3
"188",2,88,92,191,381,533,556,731,27,3,0.0460716208721512,0.0146209156939241,1.8029510403254,-8096.05201687954,-371.191735732238,2
"189",2,42,69,261,322,426,650,797,27,3,0.0560705519146947,0.0171412225442358,1.79987066428663,-8969.09612087306,-370.686276517599,2
"190",2,266,433,452,520,721,765,839,27,2,0.0591276635583258,0.014435295928922,1.79920166489362,-6686.78814733423,-363.702109002398,1
"191",2,469,666,739,787,803,812,850,27,3,0.0591276635583258,0.014435295928922,1.79920166489362,-9315.6343907178,-363.702109002398,1
"192",2,85,340,366,435,457,638,818,27,2,0.0591276635583258,0.014435295928922,1.79920166489362,-10503.1043041244,-363.702109002398,1
"193",2,18,454,498,690,716,718,850,27,2,0.082072243451293,0.0279034025641816,1.85500447319231,-9641.96324334877,-356.618365778743,2
"194",2,131,250,465,479,570,695,706,27,2,0.0830667582905806,0.034815759966119,1.86336810023692,-9161.01024038019,-371.68140999809,2
"195",2,22,41,191,306,633,751,831,27,3,0.115961969390863,0.084989035459121,1.84844501672039,-7622.71892507081,-380.683986638244,2
"196",5,88,92,191,381,477,533,556,27,2,0.60477740546219,0.50838754930117,2.31164812471937,-8713.48010615381,-87.6014521868935,3
"197",2,71,88,188,229,330,448,650,26,4,0.0174888742875359,0.0716406274086367,1.75109433413757,-11018.6553625364,-340.589742979677,2
"198",2,74,141,289,433,490,513,655,26,3,0.0241100902468772,0.0409532364045995,1.77460638048771,-8428.93996207277,-278.476687570649,3
"199",2,6,50,101,295,395,526,706,26,2,0.0388658728246341,0.0959508844652779,1.76343928362323,-10136.4539641649,-349.603863198544,3
"200",2,26,666,724,739,787,803,812,26,3,0.048271085232475,0.0275604491164245,1.77513474121404,-9120.50798035118,-364.134943682522,2
"201",2,42,102,126,378,481,695,789,26,3,0.0560705519146947,0.0171412225442358,1.79987066428663,-10232.8014458165,-370.686276517599,2
"202",2,222,305,346,414,529,545,652,26,3,0.0591276635583258,0.014435295928922,1.79920166489362,-7732.66754839798,-363.702109002398,1
"203",2,164,315,381,715,767,769,806,26,2,0.0591276635583258,0.014435295928922,1.79920166489362,-7211.35057938938,-363.702109002398,1
"204",2,75,224,426,537,646,725,803,26,5,0.0591276635583258,0.014435295928922,1.79920166489362,-10041.3740493323,-363.702109002398,1
"205",2,27,143,255,331,440,650,658,26,3,0.0643072898502262,0.0269373764988228,1.79966004748822,-5847.63707711332,-361.705610763566,2
"206",2,75,234,238,273,455,565,567,26,3,0.065493496574351,0.00546723560583096,1.81976253996942,-8650.19892488533,-364.111025264074,2
"207",2,133,549,589,594,627,630,659,26,3,0.105289049449198,0.0191663180651762,1.82242957856338,-9129.76784136627,-355.687093661715,3
"208",2,6,22,73,204,218,462,592,26,4,0.115961969390863,0.084989035459121,1.84844501672039,-6358.8862072463,-380.683986638244,2
"209",2,159,176,353,603,708,769,772,25,3,0.0541784703005681,0.02841741037902,1.78292399736688,-12647.2786423551,-350.570844872324,2
"210",2,27,158,182,195,220,815,833,25,4,0.0583647161282719,0.120002746119062,1.66921544413508,-6011.48759546727,-301.423822215582,3
"211",2,65,235,283,416,463,615,618,25,4,0.0591276635583258,0.014435295928922,1.79920166489362,-10585.7078208641,-363.702109002398,1
"212",2,54,133,509,560,572,709,724,25,3,0.0630514081659199,0.0541435438265543,1.77600503936576,-8691.46321800901,-279.621877167764,3
"213",2,80,149,156,280,572,613,689,25,3,0.0631629670241969,0.0452819245619522,1.78912505143949,-8883.14963497801,-334.747323141661,2
"214",2,246,261,326,341,514,574,639,25,2,0.0676219036013339,0.00816147061390926,1.82076150316866,-8863.33165816992,-331.854713278366,2
"215",2,42,102,243,273,378,695,789,25,2,0.154072555491354,0.0514691230549502,1.8584374527709,-7677.58677538952,-371.914952973347,3
"216",51,75,95,178,419,550,630,774,25,4,0.534606367305086,0.571650583543602,1.40639044260851,-7374.09604153276,-347.213015305588,3
"217",2,79,111,298,356,369,517,703,24,2,0.00160543444514505,0.0157618756647597,1.66414331886687,-8389.92543483944,-370.569535001767,2
"218",2,45,312,375,405,561,606,815,24,2,0.0153580841788064,0.06269187725615,1.76794504195599,-10112.2446466464,-359.402581155626,3
"219",2,86,87,161,190,206,258,414,24,2,0.021996062220156,0.01708694487632,5.13993227768611,-11201.7741008856,-367.088779851426,3
"220",2,76,444,489,583,645,747,755,24,3,0.0365108244910832,0.0265012532895299,1.83429624828679,-11504.9931835952,-373.295096488289,2
"221",2,86,87,161,190,258,400,475,24,2,0.0436744681817653,0.0035913131014409,1.78966192728338,-12850.442512316,-355.378707748364,3
"222",2,133,346,589,594,609,630,659,24,2,0.0591276635583258,0.014435295928922,1.79920166489362,-9720.65548749357,-363.702109002398,1
"223",2,37,88,381,450,556,757,809,24,3,0.0591276635583258,0.014435295928922,1.79920166489362,-9238.18243908768,-363.702109002398,1
"224",2,91,100,165,501,584,643,703,24,2,0.0591276635583258,0.014435295928922,1.79920166489362,-7154.96177532866,-363.702109002398,1
"225",2,72,305,346,475,529,545,652,24,3,0.0591276635583258,0.014435295928922,1.79920166489362,-9027.45702104406,-363.702109002398,1
"226",2,210,230,237,344,424,694,754,24,3,0.0597724849529204,0.0266828636552205,1.79211178976744,-9151.71666436997,-348.542884764293,2
"227",2,89,135,198,306,419,446,694,24,4,0.0684290167217323,0.0186674996846652,1.84675955985239,-9834.66618386283,-327.436060453289,3
"228",2,61,65,143,155,316,425,493,24,3,0.10475367572193,0.00250989341885743,1.8415677602385,-7750.14212146699,-292.116675762741,3
"229",2,42,182,236,290,375,413,540,24,5,0.10728287252582,0.0316157451416017,1.85754791773847,-10538.5687165401,-349.298483481351,3
"230",2,54,133,135,509,560,709,747,23,3,0.0365108244910832,0.0265012532895299,1.83429624828679,-9686.25722547342,-373.295096488289,2
"231",2,32,155,445,682,698,791,845,23,2,0.0591276635583258,0.014435295928922,1.79920166489362,-5156.55975949882,-363.702109002398,1
"232",2,104,127,185,286,478,696,701,23,3,0.0591276635583258,0.014435295928922,1.79920166489362,-8446.51326219175,-363.702109002398,1
"233",2,107,404,475,553,562,750,804,23,3,0.0591276635583258,0.014435295928922,1.79920166489362,-11918.3887145552,-363.702109002398,1
"234",2,74,289,364,433,490,513,655,23,2,0.060680502696018,0.00840453951530851,1.84111655045487,-8417.80000131996,-264.072383178381,2
"235",2,246,261,326,341,574,606,639,23,3,0.0676219036013339,0.00816147061390926,1.82076150316866,-8434.16713936182,-331.854713278366,2
"236",126,164,215,303,320,395,650,757,23,3,0.268091261365468,0.255678425086793,2.02233951743206,-8836.41572187255,-88.1320597907159,3
"237",2,45,200,312,382,405,561,606,22,2,0.0153580841788064,0.06269187725615,1.76794504195599,-9875.54232739053,-359.402581155626,3
"238",2,4,43,174,200,402,543,593,22,4,0.0283236983010129,0.0518367127035382,1.7594209030973,-12383.3459507723,-348.930394982997,2
